status_id,status_message,link_name,status_type,status_link,status_published,num_reactions,num_comments,num_shares,num_likes,num_loves,num_wows,num_hahas,num_sads,num_angrys,num_special
59386114427_10156808390384428,"If you had to bring back one of them to life, who would it be?",,photo,https://www.facebook.com/harrypotterbook7/photos/a.477197604427.260721.59386114427/10156808389539428/?type=3,2017-11-29 10:03:00,4302,4122,1096,3054,280,58,20,881,9,0
59386114427_10156805221294428,Do you want to celebrate #Christmas here?,Christmas in The Wizarding World of Harry Potter - A Breathtaking Event,link,http://harrypotterfan.me/christmas-in-the-wizarding-world-of-harry-potter/1165/,2017-11-28 11:30:00,756,67,58,591,120,43,1,1,0,0
59386114427_10156802079249428,"A moment in ""The Magic of Christmas at Hogwarts Castle"" light projection spectacular - part of Christmas in The Wizarding World of Harry Potter at Universal Studios Hollywood. Stay tuned for more!",,photo,https://www.facebook.com/harrypotterbook7/photos/a.477197604427.260721.59386114427/10156802076594428/?type=3,2017-11-27 10:30:00,537,20,27,419,86,32,0,0,0,0
59386114427_10156795963024428,We now have our own vanity page on Amazon - check out some unique collection from the Wizarding World at Harry Potter Cafe: https://www.amazon.com/shop/spiritualghost,,photo,https://www.facebook.com/harrypotterbook7/photos/a.477197604427.260721.59386114427/10156795960854428/?type=3,2017-11-25 05:41:24,53,6,2,43,5,5,0,0,0,0
59386114427_10156792129109428,In case you missed it...here's every book that J.K. Rowling has recommended online:,32 Books Recommended by JK Rowling Online - Must Read,link,http://harrypotterfan.me/32-books-jk-rowling-recommended-online/1150/,2017-11-23 23:18:41,45,5,1,41,3,1,0,0,0,0
59386114427_10156767523509428,"A familiar world. A new story. Return to the Wizarding World with Fantastic Beasts: The Crimes of Grindelwald, coming late 2018. #MagicInProgress",,photo,https://www.facebook.com/harrypotterbook7/photos/a.10152750590754428.1073741827.59386114427/10156767523464428/?type=3,2017-11-16 11:44:10,6261,706,814,4521,1311,412,11,4,2,0
59386114427_10156759999624428,Experience the magic of Harry Potter. Get your Hogwarts house themed Book of Spells from Klever Case. Worldwide delivery! Click below:,Harry Potter Themed,link,https://goo.gl/ScTmGw,2017-11-15 10:10:00,42,5,1,36,3,3,0,0,0,0
59386114427_10156748347329428,Did you know?,,photo,https://www.facebook.com/harrypotterbook7/photos/a.10152750590754428.1073741827.59386114427/10156748347084428/?type=3,2017-11-10 10:46:21,2604,90,223,2130,124,340,10,0,0,0
59386114427_10156738851324428,The gorgeous Illustrated Edition of Fantastic Beasts And Where To Find Them is here! Watch the brilliant Olivia Lomenech Gill bring these fantastic beasts to life in her studio. Get it here: http://amzn.to/2ArjaWX,Fantastic Beasts Illustrated Edition,video,https://www.facebook.com/harrypotterbook7/videos/10156738851324428/,2017-11-07 09:31:29,834,92,106,596,192,43,3,0,0,0
59386114427_10156725487349428,"November 3: Happy Birthday, Sirius Black! A marauder, a member of the Order of the Phoenix, and Harry Potter's godfather.",,photo,https://www.facebook.com/harrypotterbook7/photos/a.477197604427.260721.59386114427/10156725486854428/?type=3,2017-11-03 07:29:04,1250,27,70,1039,202,6,0,3,0,0
59386114427_10156722029994428,"Experience the magic of Harry Potter! Get your Hogwarts house themed Book of Spells
from Klever Case for ¬£20 - a limited time promotional discount of ¬£5. 
Click here: https://goo.gl/ScTmGw",Get your Hogwarts house themed Book of Spells,video,https://www.facebook.com/harrypotterbook7/videos/10156722029994428/,2017-11-02 10:00:00,361,6,7,332,7,4,0,0,0,18
59386114427_10156719153229428,32 books that were recommended by J.K. Rowling. If you like reading you will love going through these recommendations!,32 Books Recommended by JK Rowling Online - Must Read,link,http://harrypotterfan.me/32-books-jk-rowling-recommended-online/1150/,2017-11-01 09:56:00,69,8,10,59,5,5,0,0,0,0
59386114427_10156632522549428,The Hermione look - reserved especially for Ron,,photo,https://www.facebook.com/harrypotterbook7/photos/a.477197604427.260721.59386114427/10156632521794428/?type=3,2017-10-05 05:47:12,2090,35,63,1678,187,6,218,0,0,1
59386114427_10156610481129428,#WeddingGoals #HarryPotter,This Harry Potter Wedding Absolutely Magical,link,http://www.providr.com/harry-potter-themed-wedding?utm_source=HarryPotterBook7&utm_medium=facebook&utm_campaign=providr,2017-09-28 11:14:56,857,127,91,671,143,40,0,2,0,1
59386114427_10156581395514428,Girls will love this. #NailArt #HarryPotter,16 Harry Potter Nail Art Ideas That Are Simply Magic,link,http://www.providr.com/harry-potter-nail-art?utm_source=HarryPotterBook7&utm_medium=facebook&utm_campaign=providr,2017-09-20 09:38:00,898,150,89,692,128,75,3,0,0,0
59386114427_10156579954879428,"But he did, and now he is. #HarryPotter",,photo,https://www.facebook.com/harrypotterbook7/photos/a.10152750590754428.1073741827.59386114427/10156579953464428/?type=3,2017-09-19 13:28:54,1407,26,32,1234,125,8,39,0,0,1
59386114427_10156557685589428,Let's talk!,,photo,https://www.facebook.com/harrypotterbook7/photos/a.10152750590754428.1073741827.59386114427/10156557685429428/?type=3,2017-09-12 16:20:57,274,190,14,247,24,1,0,2,0,0
59386114427_10156555921144428,Replug #HarryPotter #Magic #Himalayas,These Photos of Kids Playing Quidditch In Remote Himalayan Village Are Pure Magic,link,http://www.providr.com/kids-playing-quidditch?utm_source=HarryPotterBook7&utm_medium=facebook&utm_campaign=providr,2017-09-12 04:47:05,56,3,2,51,4,1,0,0,0,0
59386114427_10156533996904428,"Beautiful, really...",These Photos of Kids Playing Quidditch In Remote Himalayan Village Are Pure Magic,link,http://www.providr.com/kids-playing-quidditch?utm_source=HarryPotterBook7&utm_medium=facebook&utm_campaign=providr,2017-09-07 10:05:00,216,7,13,177,29,2,7,1,0,0
59386114427_10156536378879428,"A specially designed Kindle in Motion edition of Harry Potter and the Philosopher‚Äôs Stone as illustrated by Jim Kay: http://prourls.co/VYsv  

Prepare to be spellbound by this dazzling depiction of the wizarding world and its much-loved characters in this exclusive Kindle in Motion edition of one of the world's favourite books - Harry Potter and the Philosopher's Stone.",Harry Potter and the Philosopher's Stone: Illustrated [Kindle ...,video,https://www.facebook.com/harrypotterbook7/videos/10156536378879428/,2017-09-06 10:37:00,131,17,20,99,21,5,5,1,0,0
59386114427_10156514566889428,Did you miss any of these details?,16 Things J.K. Rowling Has Revealed About Harry Potter On Twitter That Surprised Us,link,http://www.providr.com/things-jk-rowling-revealed-about-harry-potter/?utm_source=HarryPotterBook7&utm_medium=facebook&utm_campaign=providr,2017-09-01 09:47:00,613,19,51,517,49,2,1,44,0,0
59386114427_10156517829304428,It's September 1; the Hogwarts Express leaves at 11 o'clock (GMT). Don't be late.,,photo,https://www.facebook.com/harrypotterbook7/photos/a.477197604427.260721.59386114427/10156517829094428/?type=3,2017-09-01 01:04:56,6752,237,854,5469,1141,18,96,27,1,0
59386114427_10156503746639428,How many of you noticed this?,8 Actors From The Harry Potter Franchise That Were Recast,link,http://www.providr.com/actors-from-harry-potter-franchise-recast/?f=one&utm_source=HarryPotterBook7&utm_medium=facebook&utm_campaign=providr,2017-08-28 10:04:00,359,31,52,323,13,20,2,1,0,0
59386114427_10156489362594428,"August 23, 2000: 17 years ago, Daniel Radcliffe was interviewed for the first time after being cast as Harry Potter.",,photo,https://www.facebook.com/harrypotterbook7/photos/a.477197604427.260721.59386114427/10156489359774428/?type=3,2017-08-24 09:38:00,1902,48,73,1461,271,6,164,0,0,0
59386114427_10156419298584428,"We are saddened to hear that Robert Hardy, who played Cornelius Fudge in the Harry Potter films, has passed away:",,photo,https://www.facebook.com/harrypotterbook7/photos/a.477197604427.260721.59386114427/10156419298324428/?type=3,2017-08-04 00:15:28,2079,88,127,685,23,52,0,1318,1,0
59386114427_10156319337694428,"It's raining discounts on Harry Potter books, movies, games WORLDWIDE during Amazon's Prime Day sale! Special link takes you to the Harry Potter pages of your local store: http://amaz.to/harrypotter-primeday",Photos from Harry Potter and the Deathly Hallows's post,photo,https://www.facebook.com/harrypotterbook7/photos/a.477197604427.260721.59386114427/10156319335159428/?type=3,2017-07-11 09:24:54,345,6,10,310,31,4,0,0,0,0
59386114427_10156281159959428,"Harry Potter and the Prisoner of Azkaban - 20th Anniversary Illustrated edition is available for pre-order in a few countries, including the US, UK and more. Releases October 3! 

Click this special link which takes you to your local amazon listing of the book: amaz.to/PrisonerOfAzkabanIL",Photos from Harry Potter and the Deathly Hallows's post,photo,https://www.facebook.com/harrypotterbook7/photos/a.477197604427.260721.59386114427/10156281151664428/?type=3,2017-07-02 16:25:25,650,46,38,531,96,22,0,1,0,0
59386114427_10156250720999428,Harry Potter turns 20: The boy who changed books forever  #HarryPotter20,Harry Potter turns 20: The boy who changed books forever - Harry Potter Fans,link,http://harrypotterfan.me/harry-potter-turns-20-the-boy-who-changed-books-forever/1085/,2017-06-26 10:22:09,553,9,25,448,98,7,0,0,0,0
59386114427_10156247739359428,"Harry Potter Fans in India, rejoice! Celebrating the 20th anniversary of Harry Potter, new book editions have been launched by Bloomsbury. You can find all about them here: http://amzn.to/2tKcqQB",Timeline Photos,photo,https://www.facebook.com/harrypotterbook7/photos/a.477197604427.260721.59386114427/10156247739359428/?type=3,2017-06-26 00:30:00,468,19,38,359,86,23,0,0,0,0
59386114427_10156240257559428,7 Must Have Harry Potter Collectible Books,,status,,2017-06-24 10:51:38,266,31,16,214,35,16,0,1,0,0
59386114427_10156239883069428,Caption this!,Severus Snape,video,https://www.facebook.com/harrypotterbook7/videos/10156239883069428/,2017-06-23 16:11:53,165,19,3,130,22,1,12,0,0,0
59386114427_10156239839114428,Good lads! üòÄ,,video,https://www.facebook.com/harrypotterbook7/videos/10156239839114428/,2017-06-23 15:58:57,513,7,18,350,37,0,123,0,0,3
59386114427_10156234310909428,J.K. Rowling On Your Hogwarts Letter,harrypotterfan.me,link,http://harrypotterfan.me/j-k-rowling-hogwarts-letter/1109/,2017-06-22 09:38:00,135,5,10,102,32,0,1,0,0,0
59386114427_10156218038114428,Emma Watson and Rupert Grint on the last day of filming of Harry Potter and the Deathly Hallows,68.media.tumblr.com,link,https://68.media.tumblr.com/tumblr_m1iov4E2ER1qcgqlio1_500.gif,2017-06-20 10:30:00,3127,38,164,2093,671,3,13,343,1,3
59386114427_10156220405819428,Replug to our favourite list: 11 Best Quotes by JK Rowling,"11 Best Quotes by JK Rowling, You Will Love the Last One",link,http://harrypotterfan.me/best-quotes-jk-rowling/655/,2017-06-18 18:26:14,156,3,11,140,14,1,1,0,0,0
59386114427_10156218012974428,Me every time I read Harry Potter,www.sharegif.com,link,http://www.sharegif.com/wp-content/uploads/2013/10/potterits-good-to-see-you.gif,2017-06-18 09:46:00,1681,32,56,1385,245,1,47,1,0,2
59386114427_10156212512684428,,,status,,2017-06-16 17:17:37,46,0,2,39,4,3,0,0,0,0
59386114427_10156212410039428,Always. #AlanRickman #SeverusSnape,Timeline Photos,photo,https://www.facebook.com/harrypotterbook7/photos/a.477197604427.260721.59386114427/10156212410039428/?type=3,2017-06-16 16:36:51,5943,35,212,4439,993,8,3,495,0,5
59386114427_10156204787599428,Want to know about the most mysterious things in the Department of Mysteries? Read now:,Department of Mysteries - The Most Mysterious Things In There,link,http://harrypotterfan.me/department-of-mysteries-most-mysterious-things/1098/,2017-06-16 10:05:00,565,0,6,558,2,5,0,0,0,0
59386114427_10156206838504428,"#GiveawayAlert Our Harry Potter Summer Sweepstakes is now Live! Click here for a chance to win this incredible Quidditch Collectible Set and follow the intrsuctions: https://giveaway.amazon.com/p/5365391ddb9cb877

Entry Rules:
1. Only open to US residents, aged 18 or older
2. Last date for entries is June 21, 12:59 pm
3. Like this post to increase your chances of winning!",Harry Potter Summer Sweepstakes,link,https://giveaway.amazon.com/p/5365391ddb9cb877#ts-ln,2017-06-15 11:32:00,574,6,5,568,6,0,0,0,0,0
59386114427_10156199010324428,Author to author ‚ù§Ô∏è,Timeline Photos,photo,https://www.facebook.com/harrypotterbook7/photos/a.477197604427.260721.59386114427/10156199010324428/?type=3,2017-06-13 10:31:38,4388,73,343,2826,347,4,1195,0,8,8
59386114427_10156196896054428,There is a before and an after with children‚Äôs books. Harry Potter is the dividing line. Read this wonderful article:,Harry Potter turns 20: The boy who changed books forever,link,http://harrypotterfan.me/harry-potter-turns-20-the-boy-who-changed-books-forever/1085/,2017-06-12 20:01:12,280,1,33,221,51,8,0,0,0,0
59386114427_10156192247234428,"A great week for book lovers as Amazon has discounts across all Kindle models till June 17 - http://amzn.to/2rfPWcC. 
How's your experience reading books on an ebook reader?",Timeline Photos,photo,https://www.facebook.com/harrypotterbook7/photos/a.477197604427.260721.59386114427/10156192247234428/?type=3,2017-06-11 15:12:56,139,6,3,133,6,0,0,0,0,0
59386114427_10156190304229428,1. Haha! Does he?,Timeline Photos,photo,https://www.facebook.com/harrypotterbook7/photos/a.477197604427.260721.59386114427/10156190304229428/?type=3,2017-06-11 05:21:08,4799,79,124,3576,38,78,1095,1,1,10
59386114427_10156186252874428,"This list went ""bigly"" viral last year. Must check it out if you haven't:",Top 16 Harry Potter Gifts of 2016,link,http://harrypotterfan.me/top-16-harry-potter-gifts-of-2016/978/,2017-06-10 10:00:00,65,2,4,56,6,3,0,0,0,0
59386114427_10156179866069428,Did you know about this upcoming fan film?,Harry Potter fan film to ‚Äòreveal‚Äô secrets of Voldemort,link,http://harrypotterfan.me/harry-potter-fan-film-to-reveal-secrets-of-voldemort/1046/,2017-06-08 13:06:48,677,42,85,573,61,42,0,0,1,0
59386114427_10156141490489428,"Ouch, who did this to Lord Voldemort",Photos from Harry Potter and the Deathly Hallows's post,photo,https://www.facebook.com/harrypotterbook7/photos/a.477197604427.260721.59386114427/10156141489579428/?type=3,2017-05-30 05:51:31,3726,332,558,2142,45,9,1527,1,2,0
59386114427_10156088815039428,"Harry Potter is going to be brought to life again - at the Royal Albert Hall. 
Second installment of JK Rowling's famous franchise, Harry Potter and The Chamber of Secrets, will be set to music in three shows Anthe venue in 2018.

 #Harry #Potter #blog #fanpage #official #announcement #RoyalAlbertHall #ChamberofSecrets #10years and #still #goingon #best #character #elf #dobby",Timeline Photos,photo,https://www.facebook.com/harrypotterbook7/photos/a.477197604427.260721.59386114427/10156088815039428/?type=3,2017-05-16 08:15:29,172,4,9,151,14,7,0,0,0,0
59386114427_10155844348049428,Attention Harry Potter fans!,Real-Life Wizarding School Is Coming to England,link,http://harrypotterfan.me/real-life-wizarding-school-is-coming-to-england/1040/,2017-03-11 18:19:55,946,82,136,751,86,105,3,1,0,0
59386114427_10155822555324428,Haha... could you have ever thought about it ! üòéüòçüòÜ #wanttoown #wandsofwonder #epicbrushset #ifoundawesome,Timeline Photos,photo,https://www.facebook.com/harrypotterbook7/photos/a.477197604427.260721.59386114427/10155822555324428/?type=3,2017-03-07 06:10:06,957,240,117,725,138,59,34,0,1,0
59386114427_10155800589754428,"üòÅüòÅüòÅ

Love and it's perfect beginning !",Timeline Photos,photo,https://www.facebook.com/harrypotterbook7/photos/a.477197604427.260721.59386114427/10155800589754428/?type=3,2017-03-01 07:37:53,1198,36,76,901,27,0,267,3,0,0
59386114427_10155775278379428,We all can relate to this one.. #examdays #whatareyou,Timeline Photos,photo,https://www.facebook.com/harrypotterbook7/photos/a.477197604427.260721.59386114427/10155775278379428/?type=3,2017-02-21 09:51:31,1931,250,270,1475,59,1,395,1,0,0
59386114427_10155768260619428,"All you Muggles out there ! üëæüëª
Harry Potter Film and Cultural Festival is now ON!‚ú®üéåüéê Get hold of all 8 moviesüé¨, costumesüéé, gamesüé®üéßüÉè, and lots of Butterbeer üç∫üçª 
#Pittsburgh #harrypotter #itjustgetsbetter","Movies, games and butterbeer on tap at Pittsburgh Harry Potter festival",link,http://www.wtae.com/article/pittsburgh-harry-potter-festival/8804225,2017-02-19 06:53:07,202,12,36,176,20,6,0,0,0,0
59386114427_10155766656809428,If Dumbledore was in The Lord of the Rings,Timeline Photos,photo,https://www.facebook.com/harrypotterbook7/photos/a.477197604427.260721.59386114427/10155766656809428/?type=3,2017-02-18 17:26:34,6099,338,1152,4321,135,9,1632,1,1,0
59386114427_10155761067759428,"Hola! Anyone planning a photoshoot üéÄüòéüì∑üéé 
üéá Some real cool ideas to spice your love affair üíë with these unique shots !!! üëìüé•üÜïüíûüëè",Timeline Photos,photo,https://www.facebook.com/harrypotterbook7/photos/a.477197604427.260721.59386114427/10155761067759428/?type=3,2017-02-17 09:43:02,1984,146,219,1531,368,56,28,0,1,0
59386114427_10155755547149428,Awwe.. these three !! üòçüíù Little and innocent days ! üëºüëºüëº,Timeline Photos,photo,https://www.facebook.com/harrypotterbook7/photos/a.477197604427.260721.59386114427/10155755547149428/?type=3,2017-02-16 06:06:45,5072,42,165,4330,654,16,10,61,1,0
59386114427_10155749863169428,Don't we all have one such friend ! üòâüòÇ,Timeline Photos,photo,https://www.facebook.com/harrypotterbook7/photos/a.477197604427.260721.59386114427/10155749863169428/?type=3,2017-02-15 07:30:26,3677,60,263,2857,248,2,570,0,0,0
59386114427_10155749837034428,Golden Words ‚ú®üéÄ  #lookformagicinside ‚ú®,Timeline Photos,photo,https://www.facebook.com/harrypotterbook7/photos/a.477197604427.260721.59386114427/10155749837034428/?type=3,2017-02-14 22:36:03,1148,12,136,1032,116,0,0,0,0,0
59386114427_10155744890379428,"Happy Birthday to Luna, a girl who always comes prepared",Timeline Photos,photo,https://www.facebook.com/harrypotterbook7/photos/a.477197604427.260721.59386114427/10155744890379428/?type=3,2017-02-13 13:09:03,822,9,35,734,65,1,22,0,0,0
59386114427_10155744629189428,"Aggh Harryyy ! 
What are your Plans !?üòé",Timeline Photos,photo,https://www.facebook.com/harrypotterbook7/photos/a.477197604427.260721.59386114427/10155744629189428/?type=3,2017-02-13 09:01:16,4459,228,1255,3547,149,6,746,11,0,0
59386114427_10155740914744428,"Sunday Goals üéÄ . 
Take care of your pets and pamper them! 
How are you going to spend your Sunday?",Timeline Photos,photo,https://www.facebook.com/harrypotterbook7/photos/a.477197604427.260721.59386114427/10155740914744428/?type=3,2017-02-12 05:50:14,597,12,28,528,49,0,20,0,0,0
59386114427_10155724360709428,Everybody has eyes.. Only few have Sight ! #potterlove #inspiringthoughts #makegoalsnotdreams,Timeline Photos,photo,https://www.facebook.com/harrypotterbook7/photos/a.477197604427.260721.59386114427/10155724360709428/?type=3,2017-02-07 07:30:49,1198,14,68,1049,149,0,0,0,0,0
59386114427_10155724366779428,,Bloomsbury Publishing UK,video,https://www.facebook.com/BloomsburyPublishing/videos/1287331427979596/,2017-02-07 07:14:55,121,14,0,98,22,1,0,0,0,0
59386114427_10155714699199428,Haha!,Timeline Photos,photo,https://www.facebook.com/harrypotterbook7/photos/a.477197604427.260721.59386114427/10155714699199428/?type=3,2017-02-04 11:27:44,2133,81,141,1499,96,3,535,0,0,0
59386114427_10155666738889428,"Baby you light up my world like nobody else,
The way that you flip your hair gets me overwhelmed,
But when you smile at the ground it ain't hard to tell,
You don't know, oh oh,
You don't know you're beautiful,
If only you saw what I can see 
#HermioneLove #MissGranger #Forevermore #InHeart #YouTruly #Lightup #World",Hermione Granger | what makes you beautiful,video,https://youtu.be/-OxbIs0_wog,2017-01-23 06:27:14,86,5,8,74,12,0,0,0,0,0
59386114427_10155640657109428,Evanna Lynch (Luna Lovegood) posted this touching tribute to Alan Rickman on Facebook one year ago #RIPAlanRickman,Photos from Harry Potter and the Deathly Hallows's post,photo,https://www.facebook.com/harrypotterbook7/photos/a.477197604427.260721.59386114427/10155640654259428/?type=3,2017-01-17 10:10:00,460,7,36,343,80,1,0,36,0,0
59386114427_10155634849594428,RIP Alan Rickman...,Timeline Photos,photo,https://www.facebook.com/harrypotterbook7/photos/a.477197604427.260721.59386114427/10155634849594428/?type=3,2017-01-14 14:46:57,19356,325,3024,11992,1133,57,17,6148,9,0
59386114427_10155545548989428,Merry Christmas everyone! You will love this message from our favourite author...,J.K. Rowling delivers an important Christmas message,link,http://harrypotterfan.me/j-k-rowling-delivers-an-important-christmas-message/1023/,2016-12-24 19:55:47,1154,21,196,930,218,4,0,2,0,0
59386114427_10155535759534428,These are some of the amazing things in our Top Harry Potter Gifts of 2016. See more: http://harrypotterfan.me/top-16-harry-potter-gifts-of-2016/978/,Top 16 Harry Potter Gifts of 2016,link,http://harrypotterfan.me/top-16-harry-potter-gifts-of-2016/978/,2016-12-23 10:30:01,7922,3,11,7899,12,9,2,0,0,0
59386114427_10155535539159428,It's that time of the year...We bring you the BEST 16 Harry Potter Gifts of 2016 to spice up the muggle life of people around you!,Top 16 Harry Potter Gifts of 2016,link,http://harrypotterfan.me/top-16-harry-potter-gifts-of-2016/978/,2016-12-22 09:46:00,973,31,142,854,108,11,0,0,0,0
59386114427_10155503188509428,A fan sent this in to us. So so sweet... made us tear up!,Best Christmas Gift Ever,video,https://www.facebook.com/harrypotterbook7/videos/10155503188509428/,2016-12-13 23:57:16,292,22,38,208,76,1,1,5,1,0
59386114427_10155443091654428,You will love reading this,15 Times J.K. Rowling ‚ÄòHARRY POTTER‚Äô-Truth-Bombed Us,link,http://harrypotterfan.me/15-times-j-k-rowling-harry-potter-truth-bombed-us/967/,2016-11-30 17:10:33,347,11,29,306,33,8,0,0,0,0
59386114427_10155436723409428,It's Cyber Monday! Get Harry Potter: Complete 8-Film Collection Bluray at a 45% discount on Amazon US - http://amzn.to/2fJLSdh,Timeline Photos,photo,https://www.facebook.com/harrypotterbook7/photos/a.477197604427.260721.59386114427/10155436723409428/?type=3,2016-11-28 15:23:31,892,32,57,785,71,33,1,2,0,0
59386114427_10155433418779428,"Replug: Get Upto Two Harry Potter Audiobooks Free when you sign up for a Free Trial (30 days) of Audible: http://amzn.to/2fx1vl2
#BlackFriday",Timeline Photos,photo,https://www.facebook.com/harrypotterbook7/photos/a.477197604427.260721.59386114427/10155433418779428/?type=3,2016-11-27 14:31:32,65,3,6,58,6,1,0,0,0,0
59386114427_10155430709344428,"One of our favourite posts, full of wonderful quotes! 
J.K. Rowling",11 Quotes by J.K. Rowling | You Will Love the Last One,link,http://harrypotterfan.me/11-quotes-by-jk-rowling/655/,2016-11-26 17:31:11,270,3,40,244,25,1,0,0,0,0
59386114427_10155428447869428,"Welcoming ideas for the 2016 edition of this list. Meanwhile, this one still has some great stuff!  #BlackFriday #HarryPotter",Top 15 Harry Potter Gifts of 2015,link,http://harrypotterfan.me/top-15-harry-potter-gifts-of-2015/895/,2016-11-26 00:31:30,165,4,37,141,22,2,0,0,0,0
59386114427_10155427444149428,"Get Upto Two Harry Potter Audiobooks Free when you sign up for a Free Trial (30 days) of Audible: http://amzn.to/2fx1vl2
#BlackFriday",Timeline Photos,photo,https://www.facebook.com/harrypotterbook7/photos/a.477197604427.260721.59386114427/10155427444149428/?type=3,2016-11-25 17:05:56,135,3,11,122,11,2,0,0,0,0
59386114427_10155426609519428,"This happens when you search ""lumos"" on Amazon: http://amzn.to/2fzckpQ
(Hint: Try reducto, aguamenti, orchideous, incendio)",Cast Magical Spells on Amazon,video,https://www.facebook.com/harrypotterbook7/videos/10155426609519428/,2016-11-25 12:12:43,347,25,52,290,28,27,2,0,0,0
59386114427_10155426035664428,Try this!,Incendio! Cast these five Harry Potter spells on Amazon,link,http://harrypotterfan.me/incendio-cast-these-five-harry-potter-spells-on-amazon/960/,2016-11-25 08:23:04,1167,7,23,1152,14,0,1,0,0,0
59386114427_10155371407614428,"""The Ministry has fallen. Scrimgeour is dead. They are coming.""",,status,,2016-11-09 12:20:03,21439,509,3438,18034,342,95,1390,1557,21,0
59386114427_10155368186634428,"WOW! Amazing Harry Potter Guitar Cover!

Credit to the Guitarist: Beyond The Guitar - Find him on YouTube at: http://bit.ly/2eBL2ve
He also plays Live on a new app called Krue! It's an app that lets you watch musicians live! Get it for free here: http://apple.co/2eBxpws",Amazing Harry Potter Guitar Medley!,video,https://www.facebook.com/harrypotterbook7/videos/10155368186634428/,2016-11-08 15:55:31,43182,9934,38891,29583,11403,2156,17,22,1,0
59386114427_10155366232034428,,Harry Potter and the Deathly Hallows,photo,https://www.facebook.com/harrypotterbook7/photos/a.477197604427.260721.59386114427/10155363484004428/?type=3,2016-11-08 01:08:48,744,112,0,603,69,60,9,1,2,0
59386114427_10155363484004428,Lumos! Try it on your Android,Timeline Photos,photo,https://www.facebook.com/harrypotterbook7/photos/a.477197604427.260721.59386114427/10155363484004428/?type=3,2016-11-07 16:32:20,1653,354,1418,1350,186,46,67,3,1,0
59386114427_10155362867344428,A young Maggi Smith (aka Professor McGonagall) circa 1950s,Timeline Photos,photo,https://www.facebook.com/harrypotterbook7/photos/a.477197604427.260721.59386114427/10155362867344428/?type=3,2016-11-07 09:15:15,2604,105,108,2054,237,308,5,0,0,0
59386114427_10155315347439428,Did you notice this?,J.K. Rowling Proved Snape Was a Good Guy in the Fourth ‚ÄúHarry Potter‚Äù Book and We Totally Missed It,link,http://harrypotterfan.me/j-k-rowling-proved-snape-was-a-good-guy-in-the-fourth-harry-potter-book-and-we-totally-missed-it/943/,2016-10-24 17:38:02,1563,119,217,1374,104,80,2,3,0,0
59386114427_10155307861114428,Avada ka...Selfio!,Timeline Photos,photo,https://www.facebook.com/harrypotterbook7/photos/a.477197604427.260721.59386114427/10155307861114428/?type=3,2016-10-22 15:59:04,9433,529,1663,6701,107,12,2611,2,0,0
59386114427_10155250847359428,Harry Potter is coming back to the big screen! Experience EVERY Harry Potter film in IMAX for one week starting October 13th!,Timeline Photos,photo,https://www.facebook.com/harrypotterbook7/photos/a.477197604427.260721.59386114427/10155250847359428/?type=3,2016-10-07 16:58:11,1153,26,66,1032,103,17,1,0,0,0
59386114427_10155247974274428,7 Days until ALL of the Harry Potter films return to IMAX theaters for one week! Are you ready to return to Hogwarts?,Timeline Photos,photo,https://www.facebook.com/harrypotterbook7/photos/a.477197604427.260721.59386114427/10155247974274428/?type=3,2016-10-06 18:03:53,2781,116,277,2340,321,113,2,5,0,0
59386114427_10155244665969428,You're cordially invited back to Hogwarts. Experience ALL of the Harry Potter films in IMAX for one week only starting October 13th!,Timeline Photos,photo,https://www.facebook.com/harrypotterbook7/photos/a.477197604427.260721.59386114427/10155244665969428/?type=3,2016-10-05 18:46:04,4640,379,1046,3884,560,184,7,5,0,0
59386114427_10155241239249428,"All Harry Potter films will be returning to IMAX theatres for 1 week beginning October 13th!!!

http://www.imax.com/news/harry-potter-imax-week

Spread the word!",Timeline Photos,photo,https://www.facebook.com/harrypotterbook7/photos/a.477197604427.260721.59386114427/10155241239249428/?type=3,2016-10-04 17:31:59,3211,222,325,2663,364,174,3,7,0,0
59386114427_10155184142994428,J.K. Rowling is live now. Catch her!,J.K. Rowling,video,https://www.facebook.com/JKRowling/videos/1007387809369835/,2016-09-17 14:34:08,192,10,0,164,28,0,0,0,0,0
59386114427_10155131015779428,How Filmmakers Produced the Philosopher's Stone,Finding the Philosopher's Stone,video,https://www.facebook.com/harrypotterbook7/videos/10155131015779428/,2016-09-02 11:51:28,319,4,27,297,16,6,0,0,0,0
59386114427_10155071257314428,J.K. Rowling stands by Harry Potter fans. Always...,Spells trouble: JK Rowling joins row over Harry Potter fans‚Äô right to ‚Äòreal wands‚Äô,link,http://harrypotterfan.me/spells-trouble-jk-rowling-joins-row-over-harry-potter-fans-right-to-real-wands/955/,2016-08-16 03:01:34,525,9,26,501,14,2,8,0,0,0
59386114427_10155046161379428,"Happy #InternationalCatDay! Here's to Crookshanks, the most intelligent cat we know.",Timeline Photos,photo,https://www.facebook.com/harrypotterbook7/photos/a.477197604427.260721.59386114427/10155046161379428/?type=3,2016-08-08 12:08:40,1172,7,39,1104,60,0,8,0,0,0
59386114427_10155019874584428,Happy Birthday to J.K. Rowling and Harry Potter! #July31,Timeline Photos,photo,https://www.facebook.com/harrypotterbook7/photos/a.477197604427.260721.59386114427/10155019874584428/?type=3,2016-07-31 06:35:37,7247,69,453,6720,512,14,1,0,0,0
59386114427_10155010564104428,Oh oh,Timeline Photos,photo,https://www.facebook.com/harrypotterbook7/photos/a.477197604427.260721.59386114427/10155010564104428/?type=3,2016-07-28 09:25:42,1294,38,131,1101,31,0,160,2,0,0
59386114427_10154996357804428,Harry Potter fans held a magical #mugglemob in New York City today to celebrate The Cursed Child,Photos from Harry Potter and the Deathly Hallows's post,photo,https://www.facebook.com/harrypotterbook7/photos/a.10152750590754428.1073741827.59386114427/10154996356209428/?type=3,2016-07-23 17:57:46,664,7,24,629,28,7,0,0,0,0
59386114427_10154964381404428,,Timeline Photos,photo,https://www.facebook.com/harrypotterbook7/photos/a.477197604427.260721.59386114427/10154964381404428/?type=3,2016-07-13 11:58:06,79,5,2,78,1,0,0,0,0,0
59386114427_10154887045244428,Did you notice this pattern during the Battle of Hogwarts?,JK Rowling Used This Clever Strategy in the Final Harry Potter Book,link,http://harrypotterfan.me/jk-rowling-used-this-clever-strategy-in-the-final-harry-potter-book/907/,2016-06-17 11:30:00,170,8,46,164,3,3,0,0,0,0
59386114427_10154881249874428,,‚ÄòHarry Potter and the Cursed Child‚Äô stops use of live owls,link,http://harrypotterfan.me/harry-potter-and-the-cursed-child-stops-use-of-live-owls/951/,2016-06-15 03:38:52,209,7,10,190,3,5,1,9,1,0
59386114427_10154850570989428,[Replug] The top 15 Harry Potter Gifts of 2015,Top 15 Harry Potter Gifts of 2015,link,http://harrypotterfan.me/top-15-harry-potter-gifts-of-2015/895/,2016-06-04 11:30:00,296,14,38,282,14,0,0,0,0,0
59386114427_10154827078389428,"So, which of you is that?",Timeline Photos,photo,https://www.facebook.com/harrypotterbook7/photos/a.477197604427.260721.59386114427/10154827078389428/?type=3,2016-05-26 05:33:38,6243,680,2432,5533,103,21,237,335,14,0
59386114427_10154799229744428,"[Replug] Because, missing Alan Rickman",The last thing Alan Rickman did before he died is voiceover for this video of tortoise eating a...,link,http://harrypotterfan.me/the-last-thing-alan-rickman-did-before-he-died-is-voiceover-for-this-video-of-tortoise-eating-a-strawberry/913/,2016-05-15 15:01:32,611,11,88,531,36,0,0,43,1,0
59386114427_10154737026444428,Very creative!,‚ÄòHarry Potter‚Äô Fan Proposes To Girlfriend With Handmade Marauder‚Äôs Map,link,http://harrypotterfan.me/harry-potter-fan-proposes-to-girlfriend-with-handmade-marauders-map/933/,2016-04-21 17:32:05,691,40,57,630,50,11,0,0,0,0
59386114427_10154733575324428,"Watch this "" Harry Potter and the Sorcerers Stone"" full film in minutes!

[Before the inevitable fight breaks out. of course it's Philosopher's Stone]",Harry Potter and the Philosopher's Stone - Movie in Minutes,video,https://www.facebook.com/harrypotterbook7/videos/10154733575324428/,2016-04-20 11:46:12,27722,4519,22895,23223,2206,47,2243,3,0,0
59386114427_10154728584414428,"Lovely place, isn't it?",‚ÄòHarry Potter‚Äô Stars Celebrate Opening of ‚ÄòWizarding World‚Äô at Universal Studios Hollywood,link,http://harrypotterfan.me/harry-potter-stars-celebrate-opening-of-wizarding-world-at-universal-studios-hollywood/927/,2016-04-18 15:18:58,380,6,44,352,22,6,0,0,0,0
59386114427_10154708254229428,Fantastic Beasts and Where to Find Them - Teaser Trailer  [HD],Fantastic Beasts and Where to Find Them,video,https://www.facebook.com/harrypotterbook7/videos/10154708254229428/,2016-04-11 05:59:03,1238,110,619,1064,140,33,1,0,0,0
59386114427_10154641189174428,The beginning credits for all 8 Harry Potter films,Timeline Photos,photo,https://www.facebook.com/harrypotterbook7/photos/a.477197604427.260721.59386114427/10154641189174428/?type=3,2016-03-24 12:31:11,1746,48,207,1619,110,13,4,0,0,0
59386114427_10154575227314428,Happy Women's Day from the Potterverse,Timeline Photos,photo,https://www.facebook.com/harrypotterbook7/photos/a.477197604427.260721.59386114427/10154575227314428/?type=3,2016-03-08 06:04:32,2628,26,241,2467,157,3,0,1,0,0
59386114427_10154557929069428,Leo is a free elf,Timeline Photos,photo,https://www.facebook.com/harrypotterbook7/photos/a.477197604427.260721.59386114427/10154557929069428/?type=3,2016-03-01 13:41:28,586,18,81,511,11,0,63,0,1,0
59386114427_10154549547909428,Accio Jackpot!,"How your Harry Potter books may be worth up to $55,000",link,http://harrypotterfan.me/how-your-harry-potter-books-may-be-worth-up-to-55000/924/,2016-02-27 09:16:01,148,7,28,139,7,2,0,0,0,0
59386114427_10154507973859428,"What a surprise! The eight Harry Potter book comes to you on the very special date of July 31, 2016. Read more:",‚ÄòHarry Potter and The Cursed Child‚Äô to Be Published as Book ‚Äì Harry Potter Fans,link,http://harrypotterfan.me/harry-potter-and-the-cursed-child-to-be-published-as-book/916/,2016-02-10 14:47:08,1547,94,580,1526,17,4,0,0,0,0
59386114427_10154452855349428,The last thing Alan Rickman did before he died is a voiceover for this video of a tortoise eating a strawberry http://bit.ly/1V1tk3M,Severus Snape,photo,https://www.facebook.com/107380352683595/photos/a.214108845344078.54128.107380352683595/942154939206128/?type=3,2016-01-18 16:03:07,1212,31,0,1198,6,0,0,8,0,0
59386114427_10154445419009428,,Alan Rickman: JK Rowling pays tribute to ‚Äòmagnificent actor and wonderful man‚Äô,link,http://harrypotterfan.me/alan-rickman-jk-rowling-pays-tribute-to-magnificent-actor-and-wonderful-man/908/,2016-01-15 15:44:44,1633,12,46,1612,4,0,0,17,0,0
59386114427_10154443256659428,"In a touching tribute, Daniel Radcliffe writes of Alan Rickman‚Äôs influence on his own career. Read here: http://goo.gl/fl89f9",Timeline Photos,photo,https://www.facebook.com/harrypotterbook7/photos/a.477197604427.260721.59386114427/10154443256659428/?type=3,2016-01-14 16:46:20,2995,35,269,2950,17,0,3,25,0,0
59386114427_10154442907469428,Alan Rickman (Severus Snape) in 1970. He will be missed.,Timeline Photos,photo,https://www.facebook.com/harrypotterbook7/photos/a.477197604427.260721.59386114427/10154442907469428/?type=3,2016-01-14 13:53:37,1802,36,107,1771,10,0,0,21,0,0
59386114427_10154442664644428,"Thank you for making us laugh and cry, Alan Rickman. RIP. :(",Timeline Photos,photo,https://www.facebook.com/harrypotterbook7/photos/a.477197604427.260721.59386114427/10154442664644428/?type=3,2016-01-14 11:28:47,8924,152,1457,8734,17,0,0,173,0,0
59386114427_10154442290574428,"RIP Alan Rickman. British actor, who played Severus Snape in Harry Potter films died of cancer on Thursday in London",Alan Rickman: an actor of singular charm and hypnotic charisma,link,https://www.theguardian.com/film/filmblog/2016/jan/14/alan-rickman-an-actor-of-singular-charisma-whose-hold-over-audiences-was-hypnotic,2016-01-14 08:02:20,13585,978,6914,13010,2,13,2,558,0,0
59386114427_10154437538839428,"""A Reddit usert posted an astute observation of the book‚Äôs ending, noting a creative-writing technique used by Rowling during these chapters. The events that take place during the Battle of Hogwarts are actually a direct mirror of experiences Harry, Ron, and Hermione had in each of the first six books.""",JK Rowling Used This Clever Strategy in the Final Harry Potter Book,link,http://harrypotterfan.me/jk-rowling-used-this-clever-strategy-in-the-final-harry-potter-book/907/,2016-01-12 11:10:01,1149,40,114,1142,5,0,0,2,0,0
59386114427_10154435735099428,"Nine years ago today, JK Rowling finished writing the final Harry Potter book.",,status,,2016-01-11 16:16:25,3556,42,157,3542,6,6,0,2,0,0
59386114427_10154423419684428,"Now that's a surprise i'd like at my office, won't you?",When Harry Potter Aka Daniel Radcliffe Played Receptionist For An Hour,link,http://www.officechai.com/stories/when-harry-potter-aka-daniel-radcliffe-played-receptionist-for-an-hour/,2016-01-06 15:18:18,460,19,20,458,2,0,0,0,0,0
